# re_p,im_p
-5.828427124746190202e+03,0.000000000000000000e+00
-1.715728752538099116e+02,0.000000000000000000e+00
