# re_p,im_p
-1.000000000000000284e+02,9.949874371066199501e+02
-1.000000000000000284e+02,-9.949874371066199501e+02
