# re_z,im_z
-0.000000000000000000e+00,1.000000000000000000e+03
0.000000000000000000e+00,-1.000000000000000000e+03
